mean_fit_time,std_fit_time,mean_score_time,std_score_time,param_model__subsample,param_model__n_estimators,param_model__max_depth,param_model__learning_rate,param_model__colsample_bytree,params,split0_test_score,split1_test_score,split2_test_score,split3_test_score,split4_test_score,mean_test_score,std_test_score,rank_test_score
0.5100714206695557,0.04151378207349769,0.022539329528808594,0.00619586927694768,0.7,300,4,0.1,1.0,"{'model__subsample': 0.7, 'model__n_estimators': 300, 'model__max_depth': 4, 'model__learning_rate': 0.1, 'model__colsample_bytree': 1.0}",0.3333333333333333,0.42857142857142855,0.5806451612903226,0.45,0.3902439024390244,0.4365587651268218,0.08222640716253148,1
0.6983788490295411,0.1921739536011833,0.017255401611328124,0.0035605175758932355,1.0,200,5,0.01,0.9,"{'model__subsample': 1.0, 'model__n_estimators': 200, 'model__max_depth': 5, 'model__learning_rate': 0.01, 'model__colsample_bytree': 0.9}",0.26666666666666666,0.5,0.38461538461538464,0.4375,0.30303030303030304,0.3783624708624708,0.08542004795458508,17
0.786647891998291,0.0981352855820975,0.01615433692932129,0.0029026608969591173,1.0,100,3,0.1,0.9,"{'model__subsample': 1.0, 'model__n_estimators': 100, 'model__max_depth': 3, 'model__learning_rate': 0.1, 'model__colsample_bytree': 0.9}",0.3333333333333333,0.4,0.3870967741935484,0.47368421052631576,0.3684210526315789,0.3925070741369553,0.04638277867591642,15
0.8484629154205322,0.11978683810890917,0.015603780746459961,0.0014686759802155698,0.9,100,5,0.03,0.9,"{'model__subsample': 0.9, 'model__n_estimators': 100, 'model__max_depth': 5, 'model__learning_rate': 0.03, 'model__colsample_bytree': 0.9}",0.3333333333333333,0.47368421052631576,0.5,0.5,0.29411764705882354,0.42022703818369445,0.08836199932240957,7
0.7003351211547851,0.30491263481785896,0.015169906616210937,0.0011810876915679283,1.0,200,3,0.03,0.9,"{'model__subsample': 1.0, 'model__n_estimators': 200, 'model__max_depth': 3, 'model__learning_rate': 0.03, 'model__colsample_bytree': 0.9}",0.3333333333333333,0.43243243243243246,0.5,0.4444444444444444,0.29411764705882354,0.4008655714538067,0.07573498841956165,11
0.09823923110961914,0.016535332932795587,0.011217212677001953,0.0028009613013352695,0.9,300,3,0.01,0.8,"{'model__subsample': 0.9, 'model__n_estimators': 300, 'model__max_depth': 3, 'model__learning_rate': 0.01, 'model__colsample_bytree': 0.8}",0.21428571428571427,0.42424242424242425,0.38461538461538464,0.48484848484848486,0.22857142857142856,0.34731268731268733,0.10772319465567354,18
0.10575318336486816,0.013391920867743734,0.012751007080078125,0.0021861037923822935,1.0,500,6,0.05,0.7,"{'model__subsample': 1.0, 'model__n_estimators': 500, 'model__max_depth': 6, 'model__learning_rate': 0.05, 'model__colsample_bytree': 0.7}",0.25806451612903225,0.4444444444444444,0.4827586206896552,0.5365853658536586,0.4,0.4243705894233581,0.09450493483758779,5
0.035808992385864255,0.0033619164249650444,0.011836910247802734,0.0027066022529646386,0.7,100,6,0.03,0.8,"{'model__subsample': 0.7, 'model__n_estimators': 100, 'model__max_depth': 6, 'model__learning_rate': 0.03, 'model__colsample_bytree': 0.8}",0.2857142857142857,0.5142857142857142,0.41379310344827586,0.5,0.358974358974359,0.41455349248452694,0.08594973087381427,10
0.04450645446777344,0.0026550595726076496,0.011596441268920898,0.002328670387089404,0.8,200,2,0.03,0.8,"{'model__subsample': 0.8, 'model__n_estimators': 200, 'model__max_depth': 2, 'model__learning_rate': 0.03, 'model__colsample_bytree': 0.8}",0.2857142857142857,0.5,0.37037037037037035,0.5,0.32432432432432434,0.39608179608179606,0.08898222937309656,12
0.056011295318603514,0.0023654019972445556,0.014824199676513671,0.0012612660517594657,0.9,300,3,0.01,1.0,"{'model__subsample': 0.9, 'model__n_estimators': 300, 'model__max_depth': 3, 'model__learning_rate': 0.01, 'model__colsample_bytree': 1.0}",0.2222222222222222,0.5,0.4444444444444444,0.5,0.23529411764705882,0.3803921568627451,0.12552763602710376,16
0.05096559524536133,0.004584990796516993,0.015331745147705078,0.002947568714083523,0.9,100,6,0.01,0.9,"{'model__subsample': 0.9, 'model__n_estimators': 100, 'model__max_depth': 6, 'model__learning_rate': 0.01, 'model__colsample_bytree': 0.9}",0.16,0.18181818181818182,0.09090909090909091,0.4666666666666667,0.15384615384615385,0.21064801864801863,0.1315338679420163,19
0.11363162994384765,0.01140219935168511,0.017685890197753906,0.002017683468298918,0.7,500,2,0.1,0.8,"{'model__subsample': 0.7, 'model__n_estimators': 500, 'model__max_depth': 2, 'model__learning_rate': 0.1, 'model__colsample_bytree': 0.8}",0.26666666666666666,0.4166666666666667,0.45714285714285713,0.5714285714285714,0.36363636363636365,0.4151082251082251,0.10088571603554994,9
0.05919780731201172,0.0055615480629226215,0.027277421951293946,0.014968182664897717,0.8,100,6,0.01,0.7,"{'model__subsample': 0.8, 'model__n_estimators': 100, 'model__max_depth': 6, 'model__learning_rate': 0.01, 'model__colsample_bytree': 0.7}",0.09090909090909091,0.25,0.09090909090909091,0.37037037037037035,0.14814814814814814,0.19006734006734008,0.10725953744677086,20
0.1506413459777832,0.03419481777332075,0.014186334609985352,0.0007019993728017286,0.7,500,4,0.01,0.7,"{'model__subsample': 0.7, 'model__n_estimators': 500, 'model__max_depth': 4, 'model__learning_rate': 0.01, 'model__colsample_bytree': 0.7}",0.2222222222222222,0.42857142857142855,0.4444444444444444,0.5142857142857142,0.358974358974359,0.3936996336996337,0.09893677584999341,14
0.10843219757080078,0.00869574250259864,0.01505870819091797,0.0011785312711330505,0.9,300,5,0.03,1.0,"{'model__subsample': 0.9, 'model__n_estimators': 300, 'model__max_depth': 5, 'model__learning_rate': 0.03, 'model__colsample_bytree': 1.0}",0.26666666666666666,0.4090909090909091,0.5333333333333333,0.5263157894736842,0.41025641025641024,0.42913262176420064,0.09742230191396908,3
0.11899785995483399,0.005019806682036874,0.012308979034423828,0.0024019146395159196,0.9,500,4,0.05,0.8,"{'model__subsample': 0.9, 'model__n_estimators': 500, 'model__max_depth': 4, 'model__learning_rate': 0.05, 'model__colsample_bytree': 0.8}",0.3225806451612903,0.4444444444444444,0.41379310344827586,0.5,0.4186046511627907,0.41988456884336023,0.05749516067080715,8
0.06798968315124512,0.007350411836647392,0.012011098861694335,0.0006355791691430995,1.0,200,4,0.05,1.0,"{'model__subsample': 1.0, 'model__n_estimators': 200, 'model__max_depth': 4, 'model__learning_rate': 0.05, 'model__colsample_bytree': 1.0}",0.3333333333333333,0.47368421052631576,0.4,0.5405405405405406,0.4,0.4295116168800379,0.07109257796196097,2
0.12143354415893555,0.003960996769497412,0.00701289176940918,0.0007179208440117335,0.8,500,6,0.03,0.8,"{'model__subsample': 0.8, 'model__n_estimators': 500, 'model__max_depth': 6, 'model__learning_rate': 0.03, 'model__colsample_bytree': 0.8}",0.3225806451612903,0.4090909090909091,0.4827586206896552,0.5263157894736842,0.38095238095238093,0.424339669073584,0.07250073577403318,6
0.06428556442260742,0.001912521663141702,0.010201501846313476,0.0019824681071945083,0.9,200,6,0.1,0.8,"{'model__subsample': 0.9, 'model__n_estimators': 200, 'model__max_depth': 6, 'model__learning_rate': 0.1, 'model__colsample_bytree': 0.8}",0.25,0.5238095238095238,0.4666666666666667,0.55,0.35,0.4280952380952381,0.11254024223560649,4
0.041631317138671874,0.001323592843991006,0.011991167068481445,0.0007065895484710343,0.8,200,2,0.03,1.0,"{'model__subsample': 0.8, 'model__n_estimators': 200, 'model__max_depth': 2, 'model__learning_rate': 0.03, 'model__colsample_bytree': 1.0}",0.2857142857142857,0.5,0.37037037037037035,0.5,0.32432432432432434,0.39608179608179606,0.08898222937309656,12
